Workbook

Sheet Feature Matrix (Website)
A1: Rank | B1: App Name | C1: Category | D1: Owner / Parent Company | E1: NA/Europe User Base Note | F1: E2EE Default (All Chats) | G1: Open-Source Client | H1: Open-Source Server/Protocol | I1: Independent Security Audit Published | J1: No Phone Number Required | K1: Minimal Metadata Collection | L1: Self-Hosting Option | M1: Disappearing Messages | N1: 1:1 Text Chat | O1: Group Chat | P1: File/Media Sharing | Q1: Voice Messages | R1: Edit/Delete for Everyone | S1: Read Receipts/Typing Indicators | T1: Emoji Reactions | U1: In-Chat Search | V1: Message Forwarding | W1: Cloud Backup/Multi-Device Sync | X1: 1:1 Voice Calls | Y1: 1:1 Video Calls | Z1: Group Voice Calls | AA1: Group Video Calls | AB1: Screen Sharing | AC1: iOS App | AD1: Android App | AE1: Desktop App (Native) | AF1: Web Client | AG1: Cross-Platform (No Vendor Lock-In) | AH1: Ad-Free (No In-App Ads) | AI1: No Third-Party Data Sale | AJ1: Nonprofit / Privacy-First Mission | AK1: Privacy & Security (/50) | AL1: Core Messaging (/20) | AM1: Calls & Media (/10) | AN1: Platform & Accessibility (/10) | AO1: Openness / Business Model (/10) | AP1: TOTAL SCORE (/100)
A2: 1 | B2: WhatsApp | C2: Mainstream | D2: Meta Platforms, Inc. | E2: Dominant in Europe/LatAm/Asia; large and growing in US (~32% of US adults); ~3B+ global MAU | F2: =IF('Raw Scores (0-1)'!F2=1,"Yes",IF('Raw Scores (0-1)'!F2=0.5,"Partial","No")) -> Yes | G2: =IF('Raw Scores (0-1)'!G2=1,"Yes",IF('Raw Scores (0-1)'!G2=0.5,"Partial","No")) -> No | H2: =IF('Raw Scores (0-1)'!H2=1,"Yes",IF('Raw Scores (0-1)'!H2=0.5,"Partial","No")) -> Partial | I2: =IF('Raw Scores (0-1)'!I2=1,"Yes",IF('Raw Scores (0-1)'!I2=0.5,"Partial","No")) -> Yes | J2: =IF('Raw Scores (0-1)'!J2=1,"Yes",IF('Raw Scores (0-1)'!J2=0.5,"Partial","No")) -> No | K2: =IF('Raw Scores (0-1)'!K2=1,"Yes",IF('Raw Scores (0-1)'!K2=0.5,"Partial","No")) -> No | L2: =IF('Raw Scores (0-1)'!L2=1,"Yes",IF('Raw Scores (0-1)'!L2=0.5,"Partial","No")) -> No | M2: =IF('Raw Scores (0-1)'!M2=1,"Yes",IF('Raw Scores (0-1)'!M2=0.5,"Partial","No")) -> Yes | ... AJ2: =IF('Raw Scores (0-1)'!AJ2=1,"Yes",IF('Raw Scores (0-1)'!AJ2=0.5,"Partial","No")) -> No | AK2: ='Scores & Ranking'!F2 -> 27.5 | AL2: ='Scores & Ranking'!G2 -> 20 | AM2: ='Scores & Ranking'!H2 -> 10 | AN2: ='Scores & Ranking'!I2 -> 10 | AO2: ='Scores & Ranking'!J2 -> 1.5 | AP2: ='Scores & Ranking'!K2 -> 69
A3: 2 | B3: Facebook Messenger | C3: Mainstream | D3: Meta Platforms, Inc. | E3: ~1B+ MAU, strong in US/Canada, declining share as WhatsApp/iMessage grow | F3: =IF('Raw Scores (0-1)'!F3=1,"Yes",IF('Raw Scores (0-1)'!F3=0.5,"Partial","No")) -> Partial | G3: =IF('Raw Scores (0-1)'!G3=1,"Yes",IF('Raw Scores (0-1)'!G3=0.5,"Partial","No")) -> No | H3: =IF('Raw Scores (0-1)'!H3=1,"Yes",IF('Raw Scores (0-1)'!H3=0.5,"Partial","No")) -> Partial | I3: =IF('Raw Scores (0-1)'!I3=1,"Yes",IF('Raw Scores (0-1)'!I3=0.5,"Partial","No")) -> Partial | J3: =IF('Raw Scores (0-1)'!J3=1,"Yes",IF('Raw Scores (0-1)'!J3=0.5,"Partial","No")) -> Partial | K3: =IF('Raw Scores (0-1)'!K3=1,"Yes",IF('Raw Scores (0-1)'!K3=0.5,"Partial","No")) -> No | L3: =IF('Raw Scores (0-1)'!L3=1,"Yes",IF('Raw Scores (0-1)'!L3=0.5,"Partial","No")) -> No | M3: =IF('Raw Scores (0-1)'!M3=1,"Yes",IF('Raw Scores (0-1)'!M3=0.5,"Partial","No")) -> Yes | ... AJ3: =IF('Raw Scores (0-1)'!AJ3=1,"Yes",IF('Raw Scores (0-1)'!AJ3=0.5,"Partial","No")) -> No | AK3: ='Scores & Ranking'!F3 -> 20 | AL3: ='Scores & Ranking'!G3 -> 20 | AM3: ='Scores & Ranking'!H3 -> 10 | AN3: ='Scores & Ranking'!I3 -> 10 | AO3: ='Scores & Ranking'!J3 -> 0 | AP3: ='Scores & Ranking'!K3 -> 60
A4: 3 | B4: Telegram | C4: Mainstream | D4: Telegram FZ-LLC (Pavel Durov) | E4: ~1B MAU (Mar 2025), growing fast in Europe (esp. Eastern Europe), moderate US uptake | F4: =IF('Raw Scores (0-1)'!F4=1,"Yes",IF('Raw Scores (0-1)'!F4=0.5,"Partial","No")) -> Partial | G4: =IF('Raw Scores (0-1)'!G4=1,"Yes",IF('Raw Scores (0-1)'!G4=0.5,"Partial","No")) -> Yes | H4: =IF('Raw Scores (0-1)'!H4=1,"Yes",IF('Raw Scores (0-1)'!H4=0.5,"Partial","No")) -> Partial | I4: =IF('Raw Scores (0-1)'!I4=1,"Yes",IF('Raw Scores (0-1)'!I4=0.5,"Partial","No")) -> Partial | J4: =IF('Raw Scores (0-1)'!J4=1,"Yes",IF('Raw Scores (0-1)'!J4=0.5,"Partial","No")) -> No | K4: =IF('Raw Scores (0-1)'!K4=1,"Yes",IF('Raw Scores (0-1)'!K4=0.5,"Partial","No")) -> No | L4: =IF('Raw Scores (0-1)'!L4=1,"Yes",IF('Raw Scores (0-1)'!L4=0.5,"Partial","No")) -> No | M4: =IF('Raw Scores (0-1)'!M4=1,"Yes",IF('Raw Scores (0-1)'!M4=0.5,"Partial","No")) -> Yes | ... AJ4: =IF('Raw Scores (0-1)'!AJ4=1,"Yes",IF('Raw Scores (0-1)'!AJ4=0.5,"Partial","No")) -> Partial | AK4: ='Scores & Ranking'!F4 -> 22.5 | AL4: ='Scores & Ranking'!G4 -> 20 | AM4: ='Scores & Ranking'!H4 -> 10 | AN4: ='Scores & Ranking'!I4 -> 10 | AO4: ='Scores & Ranking'!J4 -> 7 | AP4: ='Scores & Ranking'!K4 -> 69.5
A5: 4 | B5: Apple Messages (iMessage) | C5: Mainstream | D5: Apple Inc. | E5: Dominant among US iPhone users (~55-60% US share); much smaller in Europe (lower iOS share) | F5: =IF('Raw Scores (0-1)'!F5=1,"Yes",IF('Raw Scores (0-1)'!F5=0.5,"Partial","No")) -> Partial | G5: =IF('Raw Scores (0-1)'!G5=1,"Yes",IF('Raw Scores (0-1)'!G5=0.5,"Partial","No")) -> No | H5: =IF('Raw Scores (0-1)'!H5=1,"Yes",IF('Raw Scores (0-1)'!H5=0.5,"Partial","No")) -> No | I5: =IF('Raw Scores (0-1)'!I5=1,"Yes",IF('Raw Scores (0-1)'!I5=0.5,"Partial","No")) -> Yes | J5: =IF('Raw Scores (0-1)'!J5=1,"Yes",IF('Raw Scores (0-1)'!J5=0.5,"Partial","No")) -> Partial | K5: =IF('Raw Scores (0-1)'!K5=1,"Yes",IF('Raw Scores (0-1)'!K5=0.5,"Partial","No")) -> No | L5: =IF('Raw Scores (0-1)'!L5=1,"Yes",IF('Raw Scores (0-1)'!L5=0.5,"Partial","No")) -> No | M5: =IF('Raw Scores (0-1)'!M5=1,"Yes",IF('Raw Scores (0-1)'!M5=0.5,"Partial","No")) -> No | ... AJ5: =IF('Raw Scores (0-1)'!AJ5=1,"Yes",IF('Raw Scores (0-1)'!AJ5=0.5,"Partial","No")) -> Partial | AK5: ='Scores & Ranking'!F5 -> 15 | AL5: ='Scores & Ranking'!G5 -> 20 | AM5: ='Scores & Ranking'!H5 -> 10 | AN5: ='Scores & Ranking'!I5 -> 3.5 | AO5: ='Scores & Ranking'!J5 -> 8.5 | AP5: ='Scores & Ranking'!K5 -> 57
A6: 5 | B6: Google Messages (RCS) | C6: Mainstream | D6: Google LLC / Alphabet Inc. | E6: Default Android messaging app in US/EU; large installed base, RCS now interoperating with iPhone | F6: =IF('Raw Scores (0-1)'!F6=1,"Yes",IF('Raw Scores (0-1)'!F6=0.5,"Partial","No")) -> Partial | G6: =IF('Raw Scores (0-1)'!G6=1,"Yes",IF('Raw Scores (0-1)'!G6=0.5,"Partial","No")) -> No | H6: =IF('Raw Scores (0-1)'!H6=1,"Yes",IF('Raw Scores (0-1)'!H6=0.5,"Partial","No")) -> Yes | I6: =IF('Raw Scores (0-1)'!I6=1,"Yes",IF('Raw Scores (0-1)'!I6=0.5,"Partial","No")) -> Partial | J6: =IF('Raw Scores (0-1)'!J6=1,"Yes",IF('Raw Scores (0-1)'!J6=0.5,"Partial","No")) -> No | K6: =IF('Raw Scores (0-1)'!K6=1,"Yes",IF('Raw Scores (0-1)'!K6=0.5,"Partial","No")) -> No | L6: =IF('Raw Scores (0-1)'!L6=1,"Yes",IF('Raw Scores (0-1)'!L6=0.5,"Partial","No")) -> No | M6: =IF('Raw Scores (0-1)'!M6=1,"Yes",IF('Raw Scores (0-1)'!M6=0.5,"Partial","No")) -> No | ... AJ6: =IF('Raw Scores (0-1)'!AJ6=1,"Yes",IF('Raw Scores (0-1)'!AJ6=0.5,"Partial","No")) -> No | AK6: ='Scores & Ranking'!F6 -> 15 | AL6: ='Scores & Ranking'!G6 -> 20 | AM6: ='Scores & Ranking'!H6 -> 2 | AN6: ='Scores & Ranking'!I6 -> 5 | AO6: ='Scores & Ranking'!J6 -> 5 | AP6: ='Scores & Ranking'!K6 -> 47
A7: 6 | B7: Snapchat | C7: Mainstream | D7: Snap Inc. | E7: ~450M+ DAU, strongest among US/EU teens & young adults | F7: =IF('Raw Scores (0-1)'!F7=1,"Yes",IF('Raw Scores (0-1)'!F7=0.5,"Partial","No")) -> Partial | G7: =IF('Raw Scores (0-1)'!G7=1,"Yes",IF('Raw Scores (0-1)'!G7=0.5,"Partial","No")) -> No | H7: =IF('Raw Scores (0-1)'!H7=1,"Yes",IF('Raw Scores (0-1)'!H7=0.5,"Partial","No")) -> No | I7: =IF('Raw Scores (0-1)'!I7=1,"Yes",IF('Raw Scores (0-1)'!I7=0.5,"Partial","No")) -> No | J7: =IF('Raw Scores (0-1)'!J7=1,"Yes",IF('Raw Scores (0-1)'!J7=0.5,"Partial","No")) -> Yes | K7: =IF('Raw Scores (0-1)'!K7=1,"Yes",IF('Raw Scores (0-1)'!K7=0.5,"Partial","No")) -> No | L7: =IF('Raw Scores (0-1)'!L7=1,"Yes",IF('Raw Scores (0-1)'!L7=0.5,"Partial","No")) -> No | M7: =IF('Raw Scores (0-1)'!M7=1,"Yes",IF('Raw Scores (0-1)'!M7=0.5,"Partial","No")) -> Yes | ... AJ7: =IF('Raw Scores (0-1)'!AJ7=1,"Yes",IF('Raw Scores (0-1)'!AJ7=0.5,"Partial","No")) -> No | AK7: ='Scores & Ranking'!F7 -> 17.5 | AL7: ='Scores & Ranking'!G7 -> 19 | AM7: ='Scores & Ranking'!H7 -> 10 | AN7: ='Scores & Ranking'!I7 -> 8 | AO7: ='Scores & Ranking'!J7 -> 0 | AP7: ='Scores & Ranking'!K7 -> 54.5
A8: 7 | B8: Instagram Direct | C8: Social Media | D8: Meta Platforms, Inc. | E8: Part of Instagram's 2B+ MAU; DMs are Instagram's core private-messaging surface in US/EU | F8: =IF('Raw Scores (0-1)'!F8=1,"Yes",IF('Raw Scores (0-1)'!F8=0.5,"Partial","No")) -> No | G8: =IF('Raw Scores (0-1)'!G8=1,"Yes",IF('Raw Scores (0-1)'!G8=0.5,"Partial","No")) -> No | H8: =IF('Raw Scores (0-1)'!H8=1,"Yes",IF('Raw Scores (0-1)'!H8=0.5,"Partial","No")) -> No | I8: =IF('Raw Scores (0-1)'!I8=1,"Yes",IF('Raw Scores (0-1)'!I8=0.5,"Partial","No")) -> No | J8: =IF('Raw Scores (0-1)'!J8=1,"Yes",IF('Raw Scores (0-1)'!J8=0.5,"Partial","No")) -> Yes | K8: =IF('Raw Scores (0-1)'!K8=1,"Yes",IF('Raw Scores (0-1)'!K8=0.5,"Partial","No")) -> No | L8: =IF('Raw Scores (0-1)'!L8=1,"Yes",IF('Raw Scores (0-1)'!L8=0.5,"Partial","No")) -> No | M8: =IF('Raw Scores (0-1)'!M8=1,"Yes",IF('Raw Scores (0-1)'!M8=0.5,"Partial","No")) -> Yes | ... AJ8: =IF('Raw Scores (0-1)'!AJ8=1,"Yes",IF('Raw Scores (0-1)'!AJ8=0.5,"Partial","No")) -> No | AK8: ='Scores & Ranking'!F8 -> 10 | AL8: ='Scores & Ranking'!G8 -> 20 | AM8: ='Scores & Ranking'!H8 -> 10 | AN8: ='Scores & Ranking'!I8 -> 9 | AO8: ='Scores & Ranking'!J8 -> 0 | AP8: ='Scores & Ranking'!K8 -> 49
A9: 8 | B9: Discord | C9: Mainstream | D9: Discord Inc. | E9: ~200-260M MAU 2025, strong in US/EU gaming & community spaces | F9: =IF('Raw Scores (0-1)'!F9=1,"Yes",IF('Raw Scores (0-1)'!F9=0.5,"Partial","No")) -> Partial | G9: =IF('Raw Scores (0-1)'!G9=1,"Yes",IF('Raw Scores (0-1)'!G9=0.5,"Partial","No")) -> No | H9: =IF('Raw Scores (0-1)'!H9=1,"Yes",IF('Raw Scores (0-1)'!H9=0.5,"Partial","No")) -> Partial | I9: =IF('Raw Scores (0-1)'!I9=1,"Yes",IF('Raw Scores (0-1)'!I9=0.5,"Partial","No")) -> Yes | J9: =IF('Raw Scores (0-1)'!J9=1,"Yes",IF('Raw Scores (0-1)'!J9=0.5,"Partial","No")) -> Yes | K9: =IF('Raw Scores (0-1)'!K9=1,"Yes",IF('Raw Scores (0-1)'!K9=0.5,"Partial","No")) -> No | L9: =IF('Raw Scores (0-1)'!L9=1,"Yes",IF('Raw Scores (0-1)'!L9=0.5,"Partial","No")) -> No | M9: =IF('Raw Scores (0-1)'!M9=1,"Yes",IF('Raw Scores (0-1)'!M9=0.5,"Partial","No")) -> No | ... AJ9: =IF('Raw Scores (0-1)'!AJ9=1,"Yes",IF('Raw Scores (0-1)'!AJ9=0.5,"Partial","No")) -> No | AK9: ='Scores & Ranking'!F9 -> 20 | AL9: ='Scores & Ranking'!G9 -> 20 | AM9: ='Scores & Ranking'!H9 -> 10 | AN9: ='Scores & Ranking'!I9 -> 10 | AO9: ='Scores & Ranking'!J9 -> 5.5 | AP9: ='Scores & Ranking'!K9 -> 65.5
A10: 9 | B10: Microsoft Teams (Personal) | C10: Team & Business | D10: Microsoft Corporation | E10: ~360M MAU (2025), dominant enterprise chat/collab tool in NA/EU businesses | F10: =IF('Raw Scores (0-1)'!F10=1,"Yes",IF('Raw Scores (0-1)'!F10=0.5,"Partial","No")) -> No | G10: =IF('Raw Scores (0-1)'!G10=1,"Yes",IF('Raw Scores (0-1)'!G10=0.5,"Partial","No")) -> No | H10: =IF('Raw Scores (0-1)'!H10=1,"Yes",IF('Raw Scores (0-1)'!H10=0.5,"Partial","No")) -> No | I10: =IF('Raw Scores (0-1)'!I10=1,"Yes",IF('Raw Scores (0-1)'!I10=0.5,"Partial","No")) -> No | J10: =IF('Raw Scores (0-1)'!J10=1,"Yes",IF('Raw Scores (0-1)'!J10=0.5,"Partial","No")) -> Yes | K10: =IF('Raw Scores (0-1)'!K10=1,"Yes",IF('Raw Scores (0-1)'!K10=0.5,"Partial","No")) -> No | L10: =IF('Raw Scores (0-1)'!L10=1,"Yes",IF('Raw Scores (0-1)'!L10=0.5,"Partial","No")) -> No | M10: =IF('Raw Scores (0-1)'!M10=1,"Yes",IF('Raw Scores (0-1)'!M10=0.5,"Partial","No")) -> No | ... AJ10: =IF('Raw Scores (0-1)'!AJ10=1,"Yes",IF('Raw Scores (0-1)'!AJ10=0.5,"Partial","No")) -> No | AK10: ='Scores & Ranking'!F10 -> 5 | AL10: ='Scores & Ranking'!G10 -> 20 | AM10: ='Scores & Ranking'!H10 -> 10 | AN10: ='Scores & Ranking'!I10 -> 10 | AO10: ='Scores & Ranking'!J10 -> 7 | AP10: ='Scores & Ranking'!K10 -> 52
A11: 10 | B11: Slack | C11: Team & Business | D11: Salesforce (Slack Technologies) | E11: ~47M DAU / ~79M MAU (2025 est.), widely used in NA/EU tech & knowledge-work companies | F11: =IF('Raw Scores (0-1)'!F11=1,"Yes",IF('Raw Scores (0-1)'!F11=0.5,"Partial","No")) -> No | G11: =IF('Raw Scores (0-1)'!G11=1,"Yes",IF('Raw Scores (0-1)'!G11=0.5,"Partial","No")) -> No | H11: =IF('Raw Scores (0-1)'!H11=1,"Yes",IF('Raw Scores (0-1)'!H11=0.5,"Partial","No")) -> No | I11: =IF('Raw Scores (0-1)'!I11=1,"Yes",IF('Raw Scores (0-1)'!I11=0.5,"Partial","No")) -> No | J11: =IF('Raw Scores (0-1)'!J11=1,"Yes",IF('Raw Scores (0-1)'!J11=0.5,"Partial","No")) -> Yes | K11: =IF('Raw Scores (0-1)'!K11=1,"Yes",IF('Raw Scores (0-1)'!K11=0.5,"Partial","No")) -> No | L11: =IF('Raw Scores (0-1)'!L11=1,"Yes",IF('Raw Scores (0-1)'!L11=0.5,"Partial","No")) -> No | M11: =IF('Raw Scores (0-1)'!M11=1,"Yes",IF('Raw Scores (0-1)'!M11=0.5,"Partial","No")) -> No | ... AJ11: =IF('Raw Scores (0-1)'!AJ11=1,"Yes",IF('Raw Scores (0-1)'!AJ11=0.5,"Partial","No")) -> No | AK11: ='Scores & Ranking'!F11 -> 5 | AL11: ='Scores & Ranking'!G11 -> 20 | AM11: ='Scores & Ranking'!H11 -> 10 | AN11: ='Scores & Ranking'!I11 -> 10 | AO11: ='Scores & Ranking'!J11 -> 7 | AP11: ='Scores & Ranking'!K11 -> 52
A12: 11 | B12: Viber | C12: Mainstream | D12: Rakuten Group, Inc. (Japan) | E12: ~820M global MAU; modest US presence, stronger among Eastern European/diaspora communities | F12: =IF('Raw Scores (0-1)'!F12=1,"Yes",IF('Raw Scores (0-1)'!F12=0.5,"Partial","No")) -> Yes | G12: =IF('Raw Scores (0-1)'!G12=1,"Yes",IF('Raw Scores (0-1)'!G12=0.5,"Partial","No")) -> No | H12: =IF('Raw Scores (0-1)'!H12=1,"Yes",IF('Raw Scores (0-1)'!H12=0.5,"Partial","No")) -> No | I12: =IF('Raw Scores (0-1)'!I12=1,"Yes",IF('Raw Scores (0-1)'!I12=0.5,"Partial","No")) -> No | J12: =IF('Raw Scores (0-1)'!J12=1,"Yes",IF('Raw Scores (0-1)'!J12=0.5,"Partial","No")) -> No | K12: =IF('Raw Scores (0-1)'!K12=1,"Yes",IF('Raw Scores (0-1)'!K12=0.5,"Partial","No")) -> Partial | L12: =IF('Raw Scores (0-1)'!L12=1,"Yes",IF('Raw Scores (0-1)'!L12=0.5,"Partial","No")) -> No | M12: =IF('Raw Scores (0-1)'!M12=1,"Yes",IF('Raw Scores (0-1)'!M12=0.5,"Partial","No")) -> Yes | ... AJ12: =IF('Raw Scores (0-1)'!AJ12=1,"Yes",IF('Raw Scores (0-1)'!AJ12=0.5,"Partial","No")) -> No | AK12: ='Scores & Ranking'!F12 -> 22.5 | AL12: ='Scores & Ranking'!G12 -> 20 | AM12: ='Scores & Ranking'!H12 -> 10 | AN12: ='Scores & Ranking'!I12 -> 8 | AO12: ='Scores & Ranking'!J12 -> 3.5 | AP12: ='Scores & Ranking'!K12 -> 64
A13: 12 | B13: Threads (Meta) DMs | C13: Social Media | D13: Meta Platforms, Inc. | E13: ~350-400M MAU; sizable and growing US/Europe base as an X alternative | F13: =IF('Raw Scores (0-1)'!F13=1,"Yes",IF('Raw Scores (0-1)'!F13=0.5,"Partial","No")) -> No | G13: =IF('Raw Scores (0-1)'!G13=1,"Yes",IF('Raw Scores (0-1)'!G13=0.5,"Partial","No")) -> No | H13: =IF('Raw Scores (0-1)'!H13=1,"Yes",IF('Raw Scores (0-1)'!H13=0.5,"Partial","No")) -> No | I13: =IF('Raw Scores (0-1)'!I13=1,"Yes",IF('Raw Scores (0-1)'!I13=0.5,"Partial","No")) -> No | J13: =IF('Raw Scores (0-1)'!J13=1,"Yes",IF('Raw Scores (0-1)'!J13=0.5,"Partial","No")) -> Yes | K13: =IF('Raw Scores (0-1)'!K13=1,"Yes",IF('Raw Scores (0-1)'!K13=0.5,"Partial","No")) -> No | L13: =IF('Raw Scores (0-1)'!L13=1,"Yes",IF('Raw Scores (0-1)'!L13=0.5,"Partial","No")) -> No | M13: =IF('Raw Scores (0-1)'!M13=1,"Yes",IF('Raw Scores (0-1)'!M13=0.5,"Partial","No")) -> No | ... AJ13: =IF('Raw Scores (0-1)'!AJ13=1,"Yes",IF('Raw Scores (0-1)'!AJ13=0.5,"Partial","No")) -> No | AK13: ='Scores & Ranking'!F13 -> 5 | AL13: ='Scores & Ranking'!G13 -> 18 | AM13: ='Scores & Ranking'!H13 -> 0 | AN13: ='Scores & Ranking'!I13 -> 6.5 | AO13: ='Scores & Ranking'!J13 -> 0 | AP13: ='Scores & Ranking'!K13 -> 29.5
... A51: 50 | B51: Voxer | C51: Niche (Push-to-Talk) | D51: VoxerNet LLC (Dallas, TX) | E51: Dedicated niche user base (sports teams, dispatch/logistics, healthcare coordination); B2B focus | F51: =IF('Raw Scores (0-1)'!F51=1,"Yes",IF('Raw Scores (0-1)'!F51=0.5,"Partial","No")) -> Partial | G51: =IF('Raw Scores (0-1)'!G51=1,"Yes",IF('Raw Scores (0-1)'!G51=0.5,"Partial","No")) -> No | H51: =IF('Raw Scores (0-1)'!H51=1,"Yes",IF('Raw Scores (0-1)'!H51=0.5,"Partial","No")) -> No | I51: =IF('Raw Scores (0-1)'!I51=1,"Yes",IF('Raw Scores (0-1)'!I51=0.5,"Partial","No")) -> No | J51: =IF('Raw Scores (0-1)'!J51=1,"Yes",IF('Raw Scores (0-1)'!J51=0.5,"Partial","No")) -> No | K51: =IF('Raw Scores (0-1)'!K51=1,"Yes",IF('Raw Scores (0-1)'!K51=0.5,"Partial","No")) -> No | L51: =IF('Raw Scores (0-1)'!L51=1,"Yes",IF('Raw Scores (0-1)'!L51=0.5,"Partial","No")) -> No | M51: =IF('Raw Scores (0-1)'!M51=1,"Yes",IF('Raw Scores (0-1)'!M51=0.5,"Partial","No")) -> No | ... AJ51: =IF('Raw Scores (0-1)'!AJ51=1,"Yes",IF('Raw Scores (0-1)'!AJ51=0.5,"Partial","No")) -> No | AK51: ='Scores & Ranking'!F51 -> 7.5 | AL51: ='Scores & Ranking'!G51 -> 18 | AM51: ='Scores & Ranking'!H51 -> 7 | AN51: ='Scores & Ranking'!I51 -> 7.5 | AO51: ='Scores & Ranking'!J51 -> 5 | AP51: ='Scores & Ranking'!K51 -> 45

Sheet Scores & Ranking
A1: Rank | B1: App Name | C1: Category | D1: Owner / Parent Company | E1: NA/Europe User Base Note | F1: Privacy & Security (/50) | G1: Core Messaging (/20) | H1: Calls & Media (/10) | I1: Platform & Accessibility (/10) | J1: Openness / Business Model (/10) | K1: TOTAL SCORE (/100)
A2: 1 | B2: WhatsApp | C2: Mainstream | D2: Meta Platforms, Inc. | E2: Dominant in Europe/LatAm/Asia; large and growing in US (~32% of US adults); ~3B+ global MAU | F2: =SUMPRODUCT('Raw Scores (0-1)'!F2:M2,Methodology!F$50:M$50) -> 27.5 | G2: =SUMPRODUCT('Raw Scores (0-1)'!N2:W2,Methodology!N$50:W$50) -> 20 | H2: =SUMPRODUCT('Raw Scores (0-1)'!X2:AB2,Methodology!X$50:AB$50) -> 10 | I2: =SUMPRODUCT('Raw Scores (0-1)'!AC2:AG2,Methodology!AC$50:AG$50) -> 10 | J2: =SUMPRODUCT('Raw Scores (0-1)'!AH2:AJ2,Methodology!AH$50:AJ$50) -> 1.5 | K2: =SUM(F2:J2) -> 69
A3: 2 | B3: Facebook Messenger | C3: Mainstream | D3: Meta Platforms, Inc. | E3: ~1B+ MAU, strong in US/Canada, declining share as WhatsApp/iMessage grow | F3: =SUMPRODUCT('Raw Scores (0-1)'!F3:M3,Methodology!F$50:M$50) -> 20 | G3: =SUMPRODUCT('Raw Scores (0-1)'!N3:W3,Methodology!N$50:W$50) -> 20 | H3: =SUMPRODUCT('Raw Scores (0-1)'!X3:AB3,Methodology!X$50:AB$50) -> 10 | I3: =SUMPRODUCT('Raw Scores (0-1)'!AC3:AG3,Methodology!AC$50:AG$50) -> 10 | J3: =SUMPRODUCT('Raw Scores (0-1)'!AH3:AJ3,Methodology!AH$50:AJ$50) -> 0 | K3: =SUM(F3:J3) -> 60
A4: 3 | B4: Telegram | C4: Mainstream | D4: Telegram FZ-LLC (Pavel Durov) | E4: ~1B MAU (Mar 2025), growing fast in Europe (esp. Eastern Europe), moderate US uptake | F4: =SUMPRODUCT('Raw Scores (0-1)'!F4:M4,Methodology!F$50:M$50) -> 22.5 | G4: =SUMPRODUCT('Raw Scores (0-1)'!N4:W4,Methodology!N$50:W$50) -> 20 | H4: =SUMPRODUCT('Raw Scores (0-1)'!X4:AB4,Methodology!X$50:AB$50) -> 10 | I4: =SUMPRODUCT('Raw Scores (0-1)'!AC4:AG4,Methodology!AC$50:AG$50) -> 10 | J4: =SUMPRODUCT('Raw Scores (0-1)'!AH4:AJ4,Methodology!AH$50:AJ$50) -> 7 | K4: =SUM(F4:J4) -> 69.5
A5: 4 | B5: Apple Messages (iMessage) | C5: Mainstream | D5: Apple Inc. | E5: Dominant among US iPhone users (~55-60% US share); much smaller in Europe (lower iOS share) | F5: =SUMPRODUCT('Raw Scores (0-1)'!F5:M5,Methodology!F$50:M$50) -> 15 | G5: =SUMPRODUCT('Raw Scores (0-1)'!N5:W5,Methodology!N$50:W$50) -> 20 | H5: =SUMPRODUCT('Raw Scores (0-1)'!X5:AB5,Methodology!X$50:AB$50) -> 10 | I5: =SUMPRODUCT('Raw Scores (0-1)'!AC5:AG5,Methodology!AC$50:AG$50) -> 3.5 | J5: =SUMPRODUCT('Raw Scores (0-1)'!AH5:AJ5,Methodology!AH$50:AJ$50) -> 8.5 | K5: =SUM(F5:J5) -> 57
A6: 5 | B6: Google Messages (RCS) | C6: Mainstream | D6: Google LLC / Alphabet Inc. | E6: Default Android messaging app in US/EU; large installed base, RCS now interoperating with iPhone | F6: =SUMPRODUCT('Raw Scores (0-1)'!F6:M6,Methodology!F$50:M$50) -> 15 | G6: =SUMPRODUCT('Raw Scores (0-1)'!N6:W6,Methodology!N$50:W$50) -> 20 | H6: =SUMPRODUCT('Raw Scores (0-1)'!X6:AB6,Methodology!X$50:AB$50) -> 2 | I6: =SUMPRODUCT('Raw Scores (0-1)'!AC6:AG6,Methodology!AC$50:AG$50) -> 5 | J6: =SUMPRODUCT('Raw Scores (0-1)'!AH6:AJ6,Methodology!AH$50:AJ$50) -> 5 | K6: =SUM(F6:J6) -> 47
A7: 6 | B7: Snapchat | C7: Mainstream | D7: Snap Inc. | E7: ~450M+ DAU, strongest among US/EU teens & young adults | F7: =SUMPRODUCT('Raw Scores (0-1)'!F7:M7,Methodology!F$50:M$50) -> 17.5 | G7: =SUMPRODUCT('Raw Scores (0-1)'!N7:W7,Methodology!N$50:W$50) -> 19 | H7: =SUMPRODUCT('Raw Scores (0-1)'!X7:AB7,Methodology!X$50:AB$50) -> 10 | I7: =SUMPRODUCT('Raw Scores (0-1)'!AC7:AG7,Methodology!AC$50:AG$50) -> 8 | J7: =SUMPRODUCT('Raw Scores (0-1)'!AH7:AJ7,Methodology!AH$50:AJ$50) -> 0 | K7: =SUM(F7:J7) -> 54.5
A8: 7 | B8: Instagram Direct | C8: Social Media | D8: Meta Platforms, Inc. | E8: Part of Instagram's 2B+ MAU; DMs are Instagram's core private-messaging surface in US/EU | F8: =SUMPRODUCT('Raw Scores (0-1)'!F8:M8,Methodology!F$50:M$50) -> 10 | G8: =SUMPRODUCT('Raw Scores (0-1)'!N8:W8,Methodology!N$50:W$50) -> 20 | H8: =SUMPRODUCT('Raw Scores (0-1)'!X8:AB8,Methodology!X$50:AB$50) -> 10 | I8: =SUMPRODUCT('Raw Scores (0-1)'!AC8:AG8,Methodology!AC$50:AG$50) -> 9 | J8: =SUMPRODUCT('Raw Scores (0-1)'!AH8:AJ8,Methodology!AH$50:AJ$50) -> 0 | K8: =SUM(F8:J8) -> 49
A9: 8 | B9: Discord | C9: Mainstream | D9: Discord Inc. | E9: ~200-260M MAU 2025, strong in US/EU gaming & community spaces | F9: =SUMPRODUCT('Raw Scores (0-1)'!F9:M9,Methodology!F$50:M$50) -> 20 | G9: =SUMPRODUCT('Raw Scores (0-1)'!N9:W9,Methodology!N$50:W$50) -> 20 | H9: =SUMPRODUCT('Raw Scores (0-1)'!X9:AB9,Methodology!X$50:AB$50) -> 10 | I9: =SUMPRODUCT('Raw Scores (0-1)'!AC9:AG9,Methodology!AC$50:AG$50) -> 10 | J9: =SUMPRODUCT('Raw Scores (0-1)'!AH9:AJ9,Methodology!AH$50:AJ$50) -> 5.5 | K9: =SUM(F9:J9) -> 65.5
A10: 9 | B10: Microsoft Teams (Personal) | C10: Team & Business | D10: Microsoft Corporation | E10: ~360M MAU (2025), dominant enterprise chat/collab tool in NA/EU businesses | F10: =SUMPRODUCT('Raw Scores (0-1)'!F10:M10,Methodology!F$50:M$50) -> 5 | G10: =SUMPRODUCT('Raw Scores (0-1)'!N10:W10,Methodology!N$50:W$50) -> 20 | H10: =SUMPRODUCT('Raw Scores (0-1)'!X10:AB10,Methodology!X$50:AB$50) -> 10 | I10: =SUMPRODUCT('Raw Scores (0-1)'!AC10:AG10,Methodology!AC$50:AG$50) -> 10 | J10: =SUMPRODUCT('Raw Scores (0-1)'!AH10:AJ10,Methodology!AH$50:AJ$50) -> 7 | K10: =SUM(F10:J10) -> 52
A11: 10 | B11: Slack | C11: Team & Business | D11: Salesforce (Slack Technologies) | E11: ~47M DAU / ~79M MAU (2025 est.), widely used in NA/EU tech & knowledge-work companies | F11: =SUMPRODUCT('Raw Scores (0-1)'!F11:M11,Methodology!F$50:M$50) -> 5 | G11: =SUMPRODUCT('Raw Scores (0-1)'!N11:W11,Methodology!N$50:W$50) -> 20 | H11: =SUMPRODUCT('Raw Scores (0-1)'!X11:AB11,Methodology!X$50:AB$50) -> 10 | I11: =SUMPRODUCT('Raw Scores (0-1)'!AC11:AG11,Methodology!AC$50:AG$50) -> 10 | J11: =SUMPRODUCT('Raw Scores (0-1)'!AH11:AJ11,Methodology!AH$50:AJ$50) -> 7 | K11: =SUM(F11:J11) -> 52
A12: 11 | B12: Viber | C12: Mainstream | D12: Rakuten Group, Inc. (Japan) | E12: ~820M global MAU; modest US presence, stronger among Eastern European/diaspora communities | F12: =SUMPRODUCT('Raw Scores (0-1)'!F12:M12,Methodology!F$50:M$50) -> 22.5 | G12: =SUMPRODUCT('Raw Scores (0-1)'!N12:W12,Methodology!N$50:W$50) -> 20 | H12: =SUMPRODUCT('Raw Scores (0-1)'!X12:AB12,Methodology!X$50:AB$50) -> 10 | I12: =SUMPRODUCT('Raw Scores (0-1)'!AC12:AG12,Methodology!AC$50:AG$50) -> 8 | J12: =SUMPRODUCT('Raw Scores (0-1)'!AH12:AJ12,Methodology!AH$50:AJ$50) -> 3.5 | K12: =SUM(F12:J12) -> 64
A13: 12 | B13: Threads (Meta) DMs | C13: Social Media | D13: Meta Platforms, Inc. | E13: ~350-400M MAU; sizable and growing US/Europe base as an X alternative | F13: =SUMPRODUCT('Raw Scores (0-1)'!F13:M13,Methodology!F$50:M$50) -> 5 | G13: =SUMPRODUCT('Raw Scores (0-1)'!N13:W13,Methodology!N$50:W$50) -> 18 | H13: =SUMPRODUCT('Raw Scores (0-1)'!X13:AB13,Methodology!X$50:AB$50) -> 0 | I13: =SUMPRODUCT('Raw Scores (0-1)'!AC13:AG13,Methodology!AC$50:AG$50) -> 6.5 | J13: =SUMPRODUCT('Raw Scores (0-1)'!AH13:AJ13,Methodology!AH$50:AJ$50) -> 0 | K13: =SUM(F13:J13) -> 29.5
... A51: 50 | B51: Voxer | C51: Niche (Push-to-Talk) | D51: VoxerNet LLC (Dallas, TX) | E51: Dedicated niche user base (sports teams, dispatch/logistics, healthcare coordination); B2B focus | F51: =SUMPRODUCT('Raw Scores (0-1)'!F51:M51,Methodology!F$50:M$50) -> 7.5 | G51: =SUMPRODUCT('Raw Scores (0-1)'!N51:W51,Methodology!N$50:W$50) -> 18 | H51: =SUMPRODUCT('Raw Scores (0-1)'!X51:AB51,Methodology!X$50:AB$50) -> 7 | I51: =SUMPRODUCT('Raw Scores (0-1)'!AC51:AG51,Methodology!AC$50:AG$50) -> 7.5 | J51: =SUMPRODUCT('Raw Scores (0-1)'!AH51:AJ51,Methodology!AH$50:AJ$50) -> 5 | K51: =SUM(F51:J51) -> 45

Sheet Raw Scores (0-1)
A1: Rank | B1: App Name | C1: Category | D1: Owner / Parent Company | E1: NA/Europe User Base Note | F1: 1. E2EE Default (All Chats) | G1: 2. Open-Source Client | H1: 3. Open-Source Server/Protocol | I1: 4. Independent Security Audit Published | J1: 5. No Phone Number Required | K1: 6. Minimal Metadata Collection | L1: 7. Self-Hosting Option | M1: 8. Disappearing Messages | N1: 9. 1:1 Text Chat | O1: 10. Group Chat | P1: 11. File/Media Sharing | Q1: 12. Voice Messages | R1: 13. Edit/Delete for Everyone | S1: 14. Read Receipts/Typing Indicators | T1: 15. Emoji Reactions | U1: 16. In-Chat Search | V1: 17. Message Forwarding | W1: 18. Cloud Backup/Multi-Device Sync | X1: 19. 1:1 Voice Calls | Y1: 20. 1:1 Video Calls | Z1: 21. Group Voice Calls | AA1: 22. Group Video Calls | AB1: 23. Screen Sharing | AC1: 24. iOS App | AD1: 25. Android App | AE1: 26. Desktop App (Native) | AF1: 27. Web Client | AG1: 28. Cross-Platform (No Vendor Lock-In) | AH1: 29. Ad-Free (No In-App Ads) | AI1: 30. No Third-Party Data Sale | AJ1: 31. Nonprofit / Privacy-First Mission
A2: 1 | B2: WhatsApp | C2: Mainstream | D2: Meta Platforms, Inc. | E2: Dominant in Europe/LatAm/Asia; large and growing in US (~32% of US adults); ~3B+ global MAU | F2: 1 | G2: 0 | H2: 0.5 | I2: 1 | J2: 0 | K2: 0 | L2: 0 | M2: 1 | N2: 1 | O2: 1 | P2: 1 | Q2: 1 | R2: 1 | S2: 1 | T2: 1 | U2: 1 | V2: 1 | W2: 1 | X2: 1 | Y2: 1 | Z2: 1 | AA2: 1 | AB2: 1 | AC2: 1 | AD2: 1 | AE2: 1 | AF2: 1 | AG2: 1 | AH2: 0.5 | AI2: 0 | AJ2: 0
A3: 2 | B3: Facebook Messenger | C3: Mainstream | D3: Meta Platforms, Inc. | E3: ~1B+ MAU, strong in US/Canada, declining share as WhatsApp/iMessage grow | F3: 0.5 | G3: 0 | H3: 0.5 | I3: 0.5 | J3: 0.5 | K3: 0 | L3: 0 | M3: 1 | N3: 1 | O3: 1 | P3: 1 | Q3: 1 | R3: 1 | S3: 1 | T3: 1 | U3: 1 | V3: 1 | W3: 1 | X3: 1 | Y3: 1 | Z3: 1 | AA3: 1 | AB3: 1 | AC3: 1 | AD3: 1 | AE3: 1 | AF3: 1 | AG3: 1 | AH3: 0 | AI3: 0 | AJ3: 0
A4: 3 | B4: Telegram | C4: Mainstream | D4: Telegram FZ-LLC (Pavel Durov) | E4: ~1B MAU (Mar 2025), growing fast in Europe (esp. Eastern Europe), moderate US uptake | F4: 0.5 | G4: 1 | H4: 0.5 | I4: 0.5 | J4: 0 | K4: 0 | L4: 0 | M4: 1 | N4: 1 | O4: 1 | P4: 1 | Q4: 1 | R4: 1 | S4: 1 | T4: 1 | U4: 1 | V4: 1 | W4: 1 | X4: 1 | Y4: 1 | Z4: 1 | AA4: 1 | AB4: 1 | AC4: 1 | AD4: 1 | AE4: 1 | AF4: 1 | AG4: 1 | AH4: 0.5 | AI4: 1 | AJ4: 0.5
A5: 4 | B5: Apple Messages (iMessage) | C5: Mainstream | D5: Apple Inc. | E5: Dominant among US iPhone users (~55-60% US share); much smaller in Europe (lower iOS share) | F5: 0.5 | G5: 0 | H5: 0 | I5: 1 | J5: 0.5 | K5: 0 | L5: 0 | M5: 0 | N5: 1 | O5: 1 | P5: 1 | Q5: 1 | R5: 1 | S5: 1 | T5: 1 | U5: 1 | V5: 1 | W5: 1 | X5: 1 | Y5: 1 | Z5: 1 | AA5: 1 | AB5: 1 | AC5: 1 | AD5: 0 | AE5: 1 | AF5: 0 | AG5: 0 | AH5: 1 | AI5: 1 | AJ5: 0.5
A6: 5 | B6: Google Messages (RCS) | C6: Mainstream | D6: Google LLC / Alphabet Inc. | E6: Default Android messaging app in US/EU; large installed base, RCS now interoperating with iPhone | F6: 0.5 | G6: 0 | H6: 1 | I6: 0.5 | J6: 0 | K6: 0 | L6: 0 | M6: 0 | N6: 1 | O6: 1 | P6: 1 | Q6: 1 | R6: 1 | S6: 1 | T6: 1 | U6: 1 | V6: 1 | W6: 1 | X6: 0.5 | Y6: 0.5 | Z6: 0 | AA6: 0 | AB6: 0 | AC6: 0 | AD6: 1 | AE6: 0 | AF6: 1 | AG6: 0.5 | AH6: 1 | AI6: 0.5 | AJ6: 0
A7: 6 | B7: Snapchat | C7: Mainstream | D7: Snap Inc. | E7: ~450M+ DAU, strongest among US/EU teens & young adults | F7: 0.5 | G7: 0 | H7: 0 | I7: 0 | J7: 1 | K7: 0 | L7: 0 | M7: 1 | N7: 1 | O7: 1 | P7: 1 | Q7: 1 | R7: 1 | S7: 1 | T7: 1 | U7: 1 | V7: 0.5 | W7: 1 | X7: 1 | Y7: 1 | Z7: 1 | AA7: 1 | AB7: 1 | AC7: 1 | AD7: 1 | AE7: 0 | AF7: 1 | AG7: 1 | AH7: 0 | AI7: 0 | AJ7: 0
A8: 7 | B8: Instagram Direct | C8: Social Media | D8: Meta Platforms, Inc. | E8: Part of Instagram's 2B+ MAU; DMs are Instagram's core private-messaging surface in US/EU | F8: 0 | G8: 0 | H8: 0 | I8: 0 | J8: 1 | K8: 0 | L8: 0 | M8: 1 | N8: 1 | O8: 1 | P8: 1 | Q8: 1 | R8: 1 | S8: 1 | T8: 1 | U8: 1 | V8: 1 | W8: 1 | X8: 1 | Y8: 1 | Z8: 1 | AA8: 1 | AB8: 1 | AC8: 1 | AD8: 1 | AE8: 0.5 | AF8: 1 | AG8: 1 | AH8: 0 | AI8: 0 | AJ8: 0
A9: 8 | B9: Discord | C9: Mainstream | D9: Discord Inc. | E9: ~200-260M MAU 2025, strong in US/EU gaming & community spaces | F9: 0.5 | G9: 0 | H9: 0.5 | I9: 1 | J9: 1 | K9: 0 | L9: 0 | M9: 0 | N9: 1 | O9: 1 | P9: 1 | Q9: 1 | R9: 1 | S9: 1 | T9: 1 | U9: 1 | V9: 1 | W9: 1 | X9: 1 | Y9: 1 | Z9: 1 | AA9: 1 | AB9: 1 | AC9: 1 | AD9: 1 | AE9: 1 | AF9: 1 | AG9: 1 | AH9: 0.5 | AI9: 1 | AJ9: 0
A10: 9 | B10: Microsoft Teams (Personal) | C10: Team & Business | D10: Microsoft Corporation | E10: ~360M MAU (2025), dominant enterprise chat/collab tool in NA/EU businesses | F10: 0 | G10: 0 | H10: 0 | I10: 0 | J10: 1 | K10: 0 | L10: 0 | M10: 0 | N10: 1 | O10: 1 | P10: 1 | Q10: 1 | R10: 1 | S10: 1 | T10: 1 | U10: 1 | V10: 1 | W10: 1 | X10: 1 | Y10: 1 | Z10: 1 | AA10: 1 | AB10: 1 | AC10: 1 | AD10: 1 | AE10: 1 | AF10: 1 | AG10: 1 | AH10: 1 | AI10: 1 | AJ10: 0
A11: 10 | B11: Slack | C11: Team & Business | D11: Salesforce (Slack Technologies) | E11: ~47M DAU / ~79M MAU (2025 est.), widely used in NA/EU tech & knowledge-work companies | F11: 0 | G11: 0 | H11: 0 | I11: 0 | J11: 1 | K11: 0 | L11: 0 | M11: 0 | N11: 1 | O11: 1 | P11: 1 | Q11: 1 | R11: 1 | S11: 1 | T11: 1 | U11: 1 | V11: 1 | W11: 1 | X11: 1 | Y11: 1 | Z11: 1 | AA11: 1 | AB11: 1 | AC11: 1 | AD11: 1 | AE11: 1 | AF11: 1 | AG11: 1 | AH11: 1 | AI11: 1 | AJ11: 0
A12: 11 | B12: Viber | C12: Mainstream | D12: Rakuten Group, Inc. (Japan) | E12: ~820M global MAU; modest US presence, stronger among Eastern European/diaspora communities | F12: 1 | G12: 0 | H12: 0 | I12: 0 | J12: 0 | K12: 0.5 | L12: 0 | M12: 1 | N12: 1 | O12: 1 | P12: 1 | Q12: 1 | R12: 1 | S12: 1 | T12: 1 | U12: 1 | V12: 1 | W12: 1 | X12: 1 | Y12: 1 | Z12: 1 | AA12: 1 | AB12: 1 | AC12: 1 | AD12: 1 | AE12: 1 | AF12: 0 | AG12: 1 | AH12: 0.5 | AI12: 0.5 | AJ12: 0
A13: 12 | B13: Threads (Meta) DMs | C13: Social Media | D13: Meta Platforms, Inc. | E13: ~350-400M MAU; sizable and growing US/Europe base as an X alternative | F13: 0 | G13: 0 | H13: 0 | I13: 0 | J13: 1 | K13: 0 | L13: 0 | M13: 0 | N13: 1 | O13: 1 | P13: 1 | Q13: 0 | R13: 1 | S13: 1 | T13: 1 | U13: 1 | V13: 1 | W13: 1 | X13: 0 | Y13: 0 | Z13: 0 | AA13: 0 | AB13: 0 | AC13: 1 | AD13: 1 | AE13: 0 | AF13: 1 | AG13: 0.5 | AH13: 0 | AI13: 0 | AJ13: 0
... A51: 50 | B51: Voxer | C51: Niche (Push-to-Talk) | D51: VoxerNet LLC (Dallas, TX) | E51: Dedicated niche user base (sports teams, dispatch/logistics, healthcare coordination); B2B focus | F51: 0.5 | G51: 0 | H51: 0 | I51: 0 | J51: 0 | K51: 0 | L51: 0 | M51: 0 | N51: 1 | O51: 1 | P51: 1 | Q51: 1 | R51: 1 | S51: 1 | T51: 0.5 | U51: 1 | V51: 0.5 | W51: 1 | X51: 1 | Y51: 1 | Z51: 1 | AA51: 0.5 | AB51: 0 | AC51: 1 | AD51: 1 | AE51: 0.5 | AF51: 1 | AG51: 0.5 | AH51: 1 | AI51: 0.5 | AJ51: 0

Sheet Methodology
A1: Scoring Methodology — Chat/Messaging App Privacy & Feature Comparison
A2: Every app is scored out of 100 using a fixed, published point rubric applied identically to all 50 apps. Each of the 31 underlying criteria is answered 1 (fully meets), 0.5 (partially/conditionally meets — e.g. opt-in rather than default, or paid-tier only), or 0 (does not meet), based on each provider's own documentation, security whitepapers, independent audits, and reputable technology press (see chat sources). No criterion is judged subjectively — every point is tied to a verifiable yes/partial/no fact. This comparison is being built for a privacy-focused messaging product, so — per the requester's explicit choice — the Privacy & Security category is weighted higher (50 of 100 points, i.e. 50%) than it would be in a neutral popularity-only ranking. This weighting is disclosed here so anyone auditing the sheet can see exactly how much the final Total Score is shaped by that choice, and can re-weight it themselves using the raw 0-1 data on the 'Raw Scores (0-1)' sheet if a different emphasis is wanted. Row order across every sheet is fixed at Rank 1-50, sorted by estimated popularity / relevance to North American and European users (not by score) — see the 'NA/Europe User Base Note' column for the basis of each ranking. Data reflects publicly available information as of July 2026; several apps changed features materially in 2025-2026 (e.g. Instagram Direct's E2EE removal, Discord's default-E2EE calls, Skype's May 2025 retirement) and this is noted where relevant.
A4: Category Weights
A5: Category | B5: # Criteria | C5: Points | D5: % of Total
A6: Privacy & Security | B6: 8 | C6: 50 | D6: 0.5
A7: Core Messaging Features | B7: 10 | C7: 20 | D7: 0.2
A8: Calls & Media | B8: 5 | C8: 10 | D8: 0.1
A9: Platform & Accessibility | B9: 5 | C9: 10 | D9: 0.1
A10: Openness / Business Model | B10: 3 | C10: 10 | D10: 0.1
A11: TOTAL | C11: =SUM(C6:C10) -> 100 | D11: =SUM(D6:D10) -> 1
A14: Per-Criterion Rubric (31 criteria, weights sum to 100 points)
A15: # | B15: Criterion | C15: Category | D15: Points if score=1 | E15: Scoring rule
A16: 1 | B16: E2EE Default (All Chats) | C16: Privacy & Security | D16: 15 | E16: 1 = E2EE on by default for all standard chats; 0.5 = E2EE exists but opt-in/partial only; 0 = no E2EE
A17: 2 | B17: Open-Source Client | C17: Privacy & Security | D17: 5 | E17: 1 = feature/property present; 0 = absent (0.5 used where evidence was mixed/partial)
A18: 3 | B18: Open-Source Server/Protocol | C18: Privacy & Security | D18: 5 | E18: 1 = feature/property present; 0 = absent (0.5 used where evidence was mixed/partial)
A19: 4 | B19: Independent Security Audit Published | C19: Privacy & Security | D19: 5 | E19: 1 = feature/property present; 0 = absent (0.5 used where evidence was mixed/partial)
A20: 5 | B20: No Phone Number Required | C20: Privacy & Security | D20: 5 | E20: 1 = feature/property present; 0 = absent (0.5 used where evidence was mixed/partial)
A21: 6 | B21: Minimal Metadata Collection | C21: Privacy & Security | D21: 5 | E21: 1 = feature/property present; 0 = absent (0.5 used where evidence was mixed/partial)
A22: 7 | B22: Self-Hosting Option | C22: Privacy & Security | D22: 5 | E22: 1 = feature/property present; 0 = absent (0.5 used where evidence was mixed/partial)
A23: 8 | B23: Disappearing Messages | C23: Privacy & Security | D23: 5 | E23: 1 = feature/property present; 0 = absent (0.5 used where evidence was mixed/partial)
A24: 9 | B24: 1:1 Text Chat | C24: Core Messaging Features | D24: 2 | E24: 1 = feature/property present; 0 = absent (0.5 used where evidence was mixed/partial)
A25: 10 | B25: Group Chat | C25: Core Messaging Features | D25: 2 | E25: 1 = feature/property present; 0 = absent (0.5 used where evidence was mixed/partial)
A26: 11 | B26: File/Media Sharing | C26: Core Messaging Features | D26: 2 | E26: 1 = feature/property present; 0 = absent (0.5 used where evidence was mixed/partial)
A27: 12 | B27: Voice Messages | C27: Core Messaging Features | D27: 2 | E27: 1 = feature/property present; 0 = absent (0.5 used where evidence was mixed/partial)
... A46: 31 | B46: Nonprofit / Privacy-First Mission | C46: Openness / Business Model | D46: 3 | E46: 1 = feature/property present; 0 = absent (0.5 used where evidence was mixed/partial)
A49: Weight vector aligned to 'Raw Scores (0-1)' sheet columns F:AJ (used by SUMPRODUCT formulas on the 'Scores & Ranking' sheet):
A50: Weight (points) | F50: 15 | G50: 5 | H50: 5 | I50: 5 | J50: 5 | K50: 5 | L50: 5 | M50: 5 | N50: 2 | O50: 2 | P50: 2 | Q50: 2 | R50: 2 | S50: 2 | T50: 2 | U50: 2 | V50: 2 | W50: 2 | X50: 2 | Y50: 2 | Z50: 2 | AA50: 2 | AB50: 2 | AC50: 1.5 | AD50: 1.5 | AE50: 2 | AF50: 2 | AG50: 3 | AH50: 3 | AI50: 4 | AJ50: 3
